Brands,Pop
Rolex,83771
Omega,33703
Breitling,23080
TAG Heuer,16247
Cartier,16140
Hublot,13277
IWC,11973
Longines,11806
Patek Philippe,11348
Audemars Piguet,10068
Panerai,9339
Hamilton,8663
Jaeger-LeCoultre,8451
Chopard,7641
Zenith,7328
Seiko,6577
Oris,6560
Tissot,5657
Ulysse Nardin,5512
Bulgari,5499
Baume & Mercier,5243
Tudor,5164
Breguet,5076
Maurice Lacroix,5007
Montblanc,3862
Citizen,3617
Rado,3573
Vacheron Constantin,3506
Girard Perregaux,3345
Franck Dubarry,2935
Blancpain,2934
Glashütte Original,2866
Ebel,2755
Bell & Ross,2747
Casio,2393
Frederique Constant,2348
Corum,2343
Invicta,2253
NOMOS,2252
A. Lange & Söhne,2102
Gucci,2010
Chanel,1988
Piaget,1879
Raymond Weil,1854
Junghans,1832
Movado,1780
Meistersinger,1681
Mido,1549
ck Calvin Klein,1526
Certina,1520
Eberhard & Co.,1510
Hermès,1482
Fortis,1215
Victorinox Swiss Army,1180
Richard Mille,1145
Bruno Söhnle,1076
Graham,1056
Sinn,1026
Bulova,996
Ball,990
Heuer,969
Harry Winston,940
Jaquet-Droz,936
Roger Dubuis,921
Guess,913
Eterna,895
Alpina,878
Chronoswiss,826
Paul Picot,785
Swiss Military,751
Davosa,747
Universal Genève,746
Hirsch,744
Swatch,726
Orient,717
U-Boat,690
Glycine,683
Michael Kors,676
Locman,665
Pulsar,631
Michel Herbelin,626
Jacques Lemans,618
Parmigiani Fleurier,616
Festina,575
Edox,573
Versace,557
Perrelet,549
Luminox,548
Carl F. Bucherer,544
Louis Erard,537
Ingersoll,532
Armani,530
Mühle Glashütte,491
Nixon,488
TW Steel,486
Union Glashütte,477
Jacob & Co.,446
Armand Nicolet,438
Hugo Boss,433
Maserati,412
Anonimo,396
Epos,395
Arnold & Son,385
Bovet,379
Lorus,355
De Grisogono,350
Zeno-Watch Basel,347
Dior,341
Romain Jerome,338
Tiffany,333
Fossil,332
Sevenfriday,332
Timex,328
B.R.M,314
Cvstos,311
Diesel,308
Police,303
Porsche Design,302
Vulcain,281
Michele,280
Concord,277
Junkers,276
Candino,275
Wenger,273
Chaumet,271
Alexander Shorokhoff,269
Gérald Genta,267
Louis Moinet,265
Roamer,264
F.P.Journe,254
Poljot,253
Nautica,252
Franc Villa,251
Hanhart,246
Bremont,239
Charriol,233
Traser,233
Dewitt,232
Revue Thommen,232
Zeppelin,228
Laco,225
Bedat & Co,219
Louis Vuitton,218
JeanRichard,215
Enicar,209
Mondaine,207
Philip Watch,205
Mondia,203
Gant,199
Zodiac,198
Doxa,197
Sector,194
Van Cleef & Arpels,186
Waltham,180
Dugena,179
Vostok,176
HYT,170
Pequignet,170
Schaumburg,169
Atlantic,166
H.Moser & Cie.,165
Momo Design,165
Lip,163
Fendi,160
Technomarine,160
Elgin,156
Boucheron,155
Century,150
Jorg Hysek,150
Cuervo y Sobrinos,149
Wittnauer,149
Cyma,148
Milus,147
Tutima,146
Bomberg,143
Lemania,142
Charmex,133
Orbita,133
Lacoste,131
Shinola,131
Daniel Roth,125
Gaga Milano,117
Philip Stein,110
Moritz Grossmann,108
Lorenz,106
Ernst Benz,105
Clerc,102
Pierre Kunz,102
Chris Benz,101
Dubey & Schaldenbrand,101
Garmin,101
Angelus,99
Squale,98
Black-Out Concept,97
Wyler Vetta,96
Favre-Leuba,94
Ice Watch,91
Meccaniche Veloci,88
De Bethune,87
Gruen,86
Louis XVI,85
Christiaan v.d. Klaauw,83
Lucien Rochat,83
Aerowatch,81
Alain Siberstein,81
Deep Blue,81
Juvenia,81
KHS,81
Nivada,81
Morellato,80
Chronographe Suisse Cie,79
Van Der Bauwede,79
Burberry,78
DeLaneau,78
Tommy Hilfiger,77
Hautlence,76
Tonino Lamborghini,76
Urwerk,76
Lindburgh + Benson,75
Welder,75
Delma,74
Damasko,73
Terra Cielo Mare,72
Davidoff,71
Minerva,70
Strom,70
GUB Glashütte,69
Haemmer,67
Benzinger,65
Dietrich,64
Wempe,63
Wyler,63
Auguste Reymond,60
Marvin,59
Askania,58
Azimuth,58
Cyrus,58
Mauboussin,58
Perigáum,58
Alfred Dunhill,56
Snyper,56
Nivrel,55
Temption,55
Breil,54
Leonidas,51
Linde Werdelin,51
René Mouris,50
Aquastar,48
Gübelin,48
Marcello C.,48
Ralf Tech,48
Auricoste,47
Ikepod,47
Rios1931,47
Fluco,46
Giuliano Mazzuoli,46
Lancaster,46
Liv Watches,46
Mathey-Tissot,46
Benrus,45
Wakmann,45
Nauticfish,43
TB Buti,43
Graf,42
Jaermann & Stübi,42
L'Epée,42
DuBois et fils,41
Kienzle,41
Pierre DeRoche,40
Aquanautic,39
Gallet,39
Mb&f,39
Ventura,39
Cortebert,38
Boegli,37
DeLaCour,37
N.O.A,37
Stowa,37
Thomas Ninchritz,37
Gevril,36
Illinois,36
Lebeau-Courally,36
Pryngeps,36
Andersen Geneve,35
Angular Momentum,35
Apple,35
Armin Strom,35
Tavannes,35
Claude Meylan,34
Grovana,33
Sea-Gull,33
Speake-Marin,33
HD3,32
Rebellion,32
RSW,31
Steinhart,31
BWC-Swiss,30
Perseo,30
S.T. Dupont,30
Christophe Claret,29
Cornehl,29
Devon,29
DuBois 1785,29
Ollech & Wajs,29
Ralph Lauren,29
Catorex,28
Erwin Sattler,28
N.B. Yäeger,28
CWC,27
Jean Marcel,27
Laurent Ferrier,27
Condor,26
Esprit,26
Technos,26
Cerruti,25
Martin Braun,24
Timberland Watches,24
Bifora,23
Krieger,23
Orfina,23
Rothenschild,23
Jules Jürgensen,22
Phantoms,22
York,22
ZentRa,22
S.Oliver,21
Salvatore Ferragamo,21
Sarcar,21
Greubel Forsey,20
Hacher,20
Itay Noy,20
Dodane,19
Ennebi,19
Fludo,19
Xemex,19
Ernest Borel,18
Jean d'Eve,18
Schwarz Etienne,18
Theorein,18
Azzaro,17
Jacques Etoile,17
Kelek,17
L.Leroy,17
Ryser Kentfield,17
JB Gioacchino,16
Mercure,16
Officina del Tempo,16
Pierre Cardin,16
Quinting,16
Starkiin,16
Viceroy,16
Bunz,15
Egotempo,15
Formex,15
Stuhrling,15
Artya,14
Meyers,14
Balmain,13
blu,13
Chase-Durer,13
Dolce & Gabbana,13
Joop,13
Orator,13
Skagen,13
Tourneau,13
Artisanal,12
Dürmeister,12
Hebdomas,12
Michel Jordi,12
Montega,12
Ressence,12
Scalfaro,12
Vogard,12
Election,11
Villemont,11
Brior,10
Carlo Ferrara,10
Fabergé,10
Prim,10
Rolf Lang,10
Urban Jürgensen,10
David Yurman,9
Limes,9
Raidillon,9
Tendence,9
Yves Saint Laurent,9
Aigner,8
C.H. Wolf,8
Flik Flak,8
Korloff,8
Kronsegler,8
Rainer Brand,8
Volna,8
Cabestan,7
Kobold,7
Pierre Balmain,7
Tourby,7
Unikatuhren,7
Vixa,7
Camile Fournet,6
M&M Swiss Watch,6
Pro-Hunter,6
Valbray,6
Vianney Halter,6
Beuchat,5
Habring?,5
Nouvelle Horlogerie Calabrese (NHC),5
Puma,5
Sothis,5
Altanus,4
Aterliers deMonaco,4
Barthelay,4
Carrera,4
Eulit,4
Germano & Walter,4
Longio,4
Maurice de Mauriac,4
RGM,4
Valentino,4
Vangarde,4
Blancier,3
Catena,3
Cyclos,3
Eichmüller,3
Engelhardt,3
Haurex,3
Pomellato,3
Swiss Timer,3
The One Binary,3
Thorr,3
Zannetti,3
ABP Paris,2
Adidas,2
Birkenstock,2
Bombardier,2
Cattin,2
Grönefeld,2
H.I.D. Watch,2
Harwood,2
Hentschel Hamburg,2
Jean Perret,2
Lang & Heyne,2
Lüm-Tec,2
Margi,2
Matthew Norman,2
Milleret,2
Momentum,2
Nike,2
Otumm,2
Steelcraft,2
Tempvs Compvtare,2
Yes Watch,2
Zeitwinkel,2
Alfred Rochat & Fils,1
Barington,1
Buben & Zörweg,1
Christiofle,1
Chronosport,1
Crockett & Jones,1
Dom Baiz International,1
Engigma,1
Eulux,1
Hebe,1
Herzog,1
Jean Lassale,1
Jörg Schauer,1
Magellan,1
Michael Bittel,1
Montano,1
Nina Ricci,1
ODM,1
Roberge,1
ROWI,1
Sarpaneva,1
Schäuble & Söhne,1
Sea-God,1
Sjöö Sandström,1
Solvil,1
Vincent Calabrese,1
Voutilainen,1
Waldan International,1
Werenbach,1
West End Watch Co.,1
Xetum,1
